Symbol,Security,GICS Sector,GICS Sub-Industry,Headquarters Location,Date first added,CIK,Founded
A,Agilent Technologies Inc,Health Care,Health Care Equipment,"Santa Clara, California",2000-06-05,1090872,1999
AAL,American Airlines Group,Industrials,Airlines,"Fort Worth, Texas",2015-03-23,6201,1934
AAP,Advance Auto Parts,Consumer Discretionary,Automotive Retail,"Raleigh, North Carolina",2015-07-09,1158449,1932
AAPL,Apple Inc.,Information Technology,"Technology Hardware, Storage & Peripherals","Cupertino, California",1982-11-30,320193,1977
ABBV,AbbVie Inc.,Health Care,Pharmaceuticals,"North Chicago, Illinois",2012-12-31,1551152,2013 (1888)
ABC,AmerisourceBergen Corp,Health Care,Health Care Distributors,"Chesterbrook, Pennsylvania",2001-08-30,1140859,1985
ABMD,ABIOMED Inc,Health Care,Health Care Equipment,"Danvers, Massachusetts",2018-05-31,815094,1981
ABT,Abbott Laboratories,Health Care,Health Care Equipment,"North Chicago, Illinois",1964-03-31,1800,1888
ACN,Accenture plc,Information Technology,IT Consulting & Other Services,"Dublin, Ireland",2011-07-06,1467373,1989
ADBE,Adobe Inc.,Information Technology,Application Software,"San Jose, California",1997-05-05,796343,1982
ADI,"Analog Devices, Inc.",Information Technology,Semiconductors,"Norwood, Massachusetts",1999-10-12,6281,1965
ADM,Archer-Daniels-Midland Co,Consumer Staples,Agricultural Products,"Chicago, Illinois",1981-07-29,7084,1902
ADP,Automatic Data Processing,Information Technology,Internet Services & Infrastructure,"Roseland, New Jersey",1981-03-31,8670,1949
ADSK,Autodesk Inc.,Information Technology,Application Software,"San Rafael, California",1989-12-01,769397,1982
AEE,Ameren Corp,Utilities,Multi-Utilities,"St. Louis, Missouri",1991-09-19,1002910,1902
AEP,American Electric Power,Utilities,Electric Utilities,"Columbus, Ohio",1957-03-04,4904,1906
AES,AES Corp,Utilities,Independent Power Producers & Energy Traders,"Arlington, Virginia",1998-10-02,874761,1981
AFL,AFLAC Inc,Financials,Life & Health Insurance,"Columbus, Georgia",1999-05-28,4977,1955
AIG,American International Group,Financials,Property & Casualty Insurance,"New York, New York",1980-03-31,5272,1919
AIV,Apartment Investment & Management,Real Estate,Residential REITs,"Denver, Colorado",2003-03-14,922864,1994 (1975)
AIZ,Assurant,Financials,Multi-line Insurance,"New York, New York",2007-04-10,1267238,1892
AJG,Arthur J. Gallagher & Co.,Financials,Insurance Brokers,"Itasca, Illinois",2016-05-31,354190,1927
AKAM,Akamai Technologies Inc,Information Technology,Internet Services & Infrastructure,"Cambridge, Massachusetts",2007-07-12,1086222,1998
ALB,Albemarle Corp,Materials,Specialty Chemicals,"Charlotte, North Carolina",2016-07-01,915913,1994
ALGN,Align Technology,Health Care,Health Care Supplies,"San Jose, California",2017-06-19,1097149,1997
ALK,Alaska Air Group Inc,Industrials,Airlines,"Seattle, Washington",2016-05-13,766421,1985
ALL,Allstate Corp,Financials,Property & Casualty Insurance,"Northfield Township, Illinois",1995-07-13,899051,1931
ALLE,Allegion,Industrials,Building Products,"Dublin, Ireland",2013-12-02,1579241,1908
ALXN,Alexion Pharmaceuticals,Health Care,Biotechnology,"Boston, Massachusetts",2012-05-25,899866,1992
AMAT,Applied Materials Inc.,Information Technology,Semiconductor Equipment,"Santa Clara, California",1995-03-16,6951,1967
AMCR,Amcor plc,Materials,Paper Packaging,"Warmley, Bristol, United Kingdom",2019-06-07,1748790,2019 (1860)
AMD,Advanced Micro Devices Inc,Information Technology,Semiconductors,"Santa Clara, California",2017-03-20,2488,1969
AME,AMETEK Inc.,Industrials,Electrical Components & Equipment,"Berwyn, Pennsylvania",2013-09-23,1037868,1930
AMGN,Amgen Inc.,Health Care,Biotechnology,"Thousand Oaks, California",1992-01-02,318154,1980
AMP,Ameriprise Financial,Financials,Asset Management & Custody Banks,"Minneapolis, Minnesota",2005-10-03,820027,1894
AMT,American Tower Corp.,Real Estate,Specialized REITs,"Boston, Massachusetts",2007-11-19,1053507,1995
AMZN,Amazon.com Inc.,Consumer Discretionary,Internet & Direct Marketing Retail,"Seattle, Washington",2005-11-18,1018724,1994
ANET,Arista Networks,Information Technology,Communications Equipment,"Santa Clara, California",2018-08-28,1596532,2004
ANSS,ANSYS,Information Technology,Application Software,"Canonsburg, Pennsylvania",2017-06-19,1013462,1969
ANTM,Anthem,Health Care,Managed Health Care,"Indianapolis, Indiana",2002-07-25,1156039,2014 (1940s)
AON,Aon plc,Financials,Insurance Brokers,"London, United Kingdom",1996-04-23,315293,1982 (1919)
AOS,A.O. Smith Corp,Industrials,Building Products,"Milwaukee, Wisconsin",2017-07-26,91142,1916
APA,Apache Corporation,Energy,Oil & Gas Exploration & Production,"Houston, Texas",1997-07-28,6769,1954
APD,Air Products & Chemicals Inc,Materials,Industrial Gases,"Allentown, Pennsylvania",1985-04-30,2969,1940
APH,Amphenol Corp,Information Technology,Electronic Components,"Wallingford, Connecticut",2008-09-30,820313,1932
APTV,Aptiv PLC,Consumer Discretionary,Auto Parts & Equipment,"Dublin, Ireland",2012-12-24,1521332,1994
ARE,Alexandria Real Estate Equities,Real Estate,Office REITs,"Pasadena, California",2017-03-20,1035443,1994
ATO,Atmos Energy,Utilities,Gas Utilities,"Dallas, Texas",2019-02-15,731802,1906
ATVI,Activision Blizzard,Communication Services,Interactive Home Entertainment,"Santa Monica, California",2015-08-31,718877,2008
AVB,AvalonBay Communities,Real Estate,Residential REITs,"Arlington, Virginia[3]",2007-01-10,915912,1978
AVGO,Broadcom Inc.,Information Technology,Semiconductors,"San Jose, California",2014-05-08,1730168,1961
AVY,Avery Dennison Corp,Materials,Paper Packaging,"Glendale, California",1987-12-31,8818,1990
AWK,American Water Works Company Inc,Utilities,Water Utilities,"Camden, New Jersey",2016-03-04,1410636,1886
AXP,American Express Co,Financials,Consumer Finance,"New York, New York",1976-06-30,4962,1850
AZO,AutoZone Inc,Consumer Discretionary,Specialty Stores,"Memphis, Tennessee",1997-01-02,866787,1979
BA,Boeing Company,Industrials,Aerospace & Defense,"Chicago, Illinois",1957-03-04,12927,1916
BAC,Bank of America Corp,Financials,Diversified Banks,"Charlotte, North Carolina",1976-06-30,70858,1998 (1923 / 1874)
BAX,Baxter International Inc.,Health Care,Health Care Equipment,"Deerfield, Illinois",1972-09-30,10456,1931
BBY,Best Buy Co. Inc.,Consumer Discretionary,Computer & Electronics Retail,"Richfield, Minnesota",1999-06-29,764478,1966
BDX,Becton Dickinson,Health Care,Health Care Equipment,"Franklin Lakes, New Jersey",1972-09-30,10795,1897
BEN,Franklin Resources,Financials,Asset Management & Custody Banks,"San Mateo, California",,38777,1947
BF.B,Brown-Forman Corp.,Consumer Staples,Distillers & Vintners,"Louisville, Kentucky",1982-10-31,14693,1870
BIIB,Biogen Inc.,Health Care,Biotechnology,"Cambridge, Massachusetts",2003-11-13,875045,1978
BIO,Bio-Rad Laboratories,Health Care,Life Sciences Tools & Services,"Hercules, California",2020-06-22,12208,1952
BK,The Bank of New York Mellon,Financials,Asset Management & Custody Banks,"New York, New York",1995-03-31,1390777,1784
BKNG,Booking Holdings Inc,Consumer Discretionary,Internet & Direct Marketing Retail,"Norwalk, Connecticut",2009-11-06,1075531,1996
BKR,Baker Hughes Co,Energy,Oil & Gas Equipment & Services,"Houston, Texas",2017-07-07,1701605,2017
BLK,BlackRock,Financials,Asset Management & Custody Banks,"New York, New York",2011-04-04,1364742,1988
BLL,Ball Corp,Materials,Metal & Glass Containers,"Broomfield, Colorado",1984-10-31,9389,1880
BMY,Bristol-Myers Squibb,Health Care,Health Care Distributors,"New York, New York",1957-03-04,14272,1989
BR,Broadridge Financial Solutions,Information Technology,Data Processing & Outsourced Services,"Lake Success, New York",2018-06-18,1383312,1962
BRK.B,Berkshire Hathaway,Financials,Multi-Sector Holdings,"Omaha, Nebraska",2010-02-16,1067983,1839
BSX,Boston Scientific,Health Care,Health Care Equipment,"Marlborough, Massachusetts[4]",1995-02-24,885725,1979
BWA,BorgWarner,Consumer Discretionary,Auto Parts & Equipment,"Auburn Hills, Michigan",2011-12-19,908255,1880
BXP,Boston Properties,Real Estate,Office REITs,"Boston, Massachusetts",2006-04-03,1037540,1970
C,Citigroup Inc.,Financials,Diversified Banks,"New York, New York",1988-05-31,831001,1998
CAG,Conagra Brands,Consumer Staples,Packaged Foods & Meats,"Chicago, Illinois",1983-08-31,23217,1919
CAH,Cardinal Health Inc.,Health Care,Health Care Distributors,"Dublin, Ohio",1997-05-27,721371,1971
CARR,Carrier Global,Industrials,Building Products,"Palm Beach Gardens, Florida",2020-04-03,1783180,2020 (1915)
CAT,Caterpillar Inc.,Industrials,Construction Machinery & Heavy Trucks,"Deerfield, Illinois",1957-03-04,18230,1925
CB,Chubb Limited,Financials,Property & Casualty Insurance,"Zurich, Switzerland",2010-07-15,896159,1985
CBOE,Cboe Global Markets,Financials,Financial Exchanges & Data,"Chicago, Illinois",2017-03-01,1374310,1973
CBRE,CBRE Group,Real Estate,Real Estate Services,"Los Angeles, California",2006-11-10,1138118,1906
CCI,Crown Castle International Corp.,Real Estate,Specialized REITs,"Houston, Texas",2012-03-14,1051470,1994
CCL,Carnival Corp.,Consumer Discretionary,"Hotels, Resorts & Cruise Lines","Miami, Florida",1998-12-22,815097,1972
CDNS,Cadence Design Systems,Information Technology,Application Software,"San Jose, California",2017-09-18,813672,1988
CDW,CDW,Information Technology,Technology Distributors,"Lincolnshire, Illinois",2019-09-23,1402057,1984
CE,Celanese,Materials,Specialty Chemicals,"Irving, Texas",2018-12-24,1306830,1918
CERN,Cerner,Health Care,Health Care Technology,"North Kansas City, Missouri",2010-04-30,804753,1979
CF,CF Industries Holdings Inc,Materials,Fertilizers & Agricultural Chemicals,"Deerfield, Illinois",2008-08-27,1324404,1946
CFG,Citizens Financial Group,Financials,Regional Banks,"Providence, Rhode Island",2016-01-29,759944,1828
CHD,Church & Dwight,Consumer Staples,Household Products,"Ewing, New Jersey",2015-12-29,313927,1847
CHRW,C. H. Robinson Worldwide,Industrials,Air Freight & Logistics,"Eden Prairie, Minnesota",2007-03-02,1043277,1905
CHTR,Charter Communications,Communication Services,Cable & Satellite,"Stamford, Connecticut",2016-09-08,1091667,1993
CI,CIGNA Corp.,Health Care,Managed Health Care,"Bloomfield, Connecticut",1976-06-30,1739940,1982
CINF,Cincinnati Financial,Financials,Property & Casualty Insurance,"Fairfield, Ohio",1997-12-18,20286,1950
CL,Colgate-Palmolive,Consumer Staples,Household Products,"New York, New York",1957-03-04,21665,1806
CLX,The Clorox Company,Consumer Staples,Household Products,"Oakland, California",1969-03-31,21076,1913
CMA,Comerica Inc.,Financials,Diversified Banks,"Dallas, Texas",1995-12-01,28412,1849
CMCSA,Comcast Corp.,Communication Services,Cable & Satellite,"Philadelphia, Pennsylvania",2015-09-18,1166691,1963
CME,CME Group Inc.,Financials,Financial Exchanges & Data,"Chicago, Illinois",2006-08-11,1156375,1848
CMG,Chipotle Mexican Grill,Consumer Discretionary,Restaurants,"Newport Beach, California",2011-04-28,1058090,1993
CMI,Cummins Inc.,Industrials,Industrial Machinery,"Columbus, Indiana",1965-03-31,26172,1919
CMS,CMS Energy,Utilities,Multi-Utilities,"Jackson, Michigan",1999-05-03,811156,1886
CNC,Centene Corporation,Health Care,Managed Health Care,"St. Louis, Missouri",2016-03-30,1071739,1984
CNP,CenterPoint Energy,Utilities,Multi-Utilities,"Houston, Texas",1985-07-31,1130310,1882
COF,Capital One Financial,Financials,Consumer Finance,"Tysons Corner, Virginia",1998-07-01,927628,1935
COG,Cabot Oil & Gas,Energy,Oil & Gas Exploration & Production,"Houston, Texas",2008-06-23,858470,1989
COO,The Cooper Companies,Health Care,Health Care Supplies,"San Ramon, California",2016-09-23,711404,1958
COP,ConocoPhillips,Energy,Oil & Gas Exploration & Production,"Houston, Texas",1957-03-04,1163165,2002
COST,Costco Wholesale Corp.,Consumer Staples,Hypermarkets & Super Centers,"Issaquah, Washington",1993-10-01,909832,1976
CPB,Campbell Soup,Consumer Staples,Packaged Foods & Meats,"Camden, New Jersey",1957-03-04,16732,1869
CPRT,Copart Inc,Industrials,Diversified Support Services,"Dallas, Texas",2018-07-02,900075,1982
CRM,Salesforce.com,Information Technology,Application Software,"San Francisco, California",2008-09-15,1108524,1999
CSCO,Cisco Systems,Information Technology,Communications Equipment,"San Jose, California",1993-12-01,858877,1984
CSX,CSX Corp.,Industrials,Railroads,"Jacksonville, Florida",1967-09-30,277948,1980
CTAS,Cintas Corporation,Industrials,Diversified Support Services,"Mason, Ohio",2001-03-01,723254,1929
CTLT,Catalent,Health Care,Pharmaceuticals,"Somerset, New Jersey",2020-09-21,1596783,2007
CTSH,Cognizant Technology Solutions,Information Technology,IT Consulting & Other Services,"Teaneck, New Jersey",2006-11-17,1058290,1994
CTVA,Corteva,Materials,Fertilizers & Agricultural Chemicals,"Wilmington, Delaware",2019-06-03,1755672,2019
CTXS,Citrix Systems,Information Technology,Application Software,"Fort Lauderdale, Florida",1999-12-01,877890,1989
CVS,CVS Health,Health Care,Health Care Services,"Woonsocket, Rhode Island",1957-03-04,64803,1996
CVX,Chevron Corp.,Energy,Integrated Oil & Gas,"San Ramon, California",1957-03-04,93410,1879
CXO,Concho Resources,Energy,Oil & Gas Exploration & Production,"Midland, Texas",2016-02-22,1358071,2004
D,Dominion Energy,Utilities,Electric Utilities,"Richmond, Virginia",,715957,1983
DAL,Delta Air Lines Inc.,Industrials,Airlines,"Atlanta, Georgia",2013-09-11,27904,1929
DD,DuPont de Nemours Inc,Materials,Specialty Chemicals,"Midland, Michigan",2019-04-02,1666700,2017
DE,Deere & Co.,Industrials,Agricultural & Farm Machinery,"Moline, Illinois",1957-03-04,315189,1837
DFS,Discover Financial Services,Financials,Consumer Finance,"Riverwoods, Illinois",2007-07-02,1393612,1985
DG,Dollar General,Consumer Discretionary,General Merchandise Stores,"Goodlettsville, Tennessee",2012-12-03,29534,1939
DGX,Quest Diagnostics,Health Care,Health Care Services,"Secaucus, New Jersey",2002-12-12,1022079,1967
DHI,D. R. Horton,Consumer Discretionary,Homebuilding,"Fort Worth, Texas",2005-06-22,882184,1978
DHR,Danaher Corp.,Health Care,Health Care Equipment,"Washington, D.C.",,313616,1969
DIS,The Walt Disney Company,Communication Services,Movies & Entertainment,"Burbank, California",1976-06-30,1744489,1923
DISCA,"Discovery, Inc. (Class A)",Communication Services,Broadcasting,"Silver Spring, Maryland",2010-03-01,1437107,1985
DISCK,"Discovery, Inc. (Class C)",Communication Services,Broadcasting,"Silver Spring, Maryland",2014-08-07,1437107,1985
DISH,Dish Network,Communication Services,Cable & Satellite,"Meridian, Colorado",2017-03-13,1001082,1980
DLR,Digital Realty Trust Inc,Real Estate,Specialized REITs,"San Francisco, California",2016-05-18,1297996,2004
DLTR,Dollar Tree,Consumer Discretionary,General Merchandise Stores,"Chesapeake, Virginia",2011-12-19,935703,1986
DOV,Dover Corporation,Industrials,Industrial Machinery,"Downers Grove, Illinois",1985-10-31,29905,1955
DOW,Dow Inc.,Materials,Commodity Chemicals,"Midland, Michigan",2019-04-01,1751788,2019
DPZ,Domino's Pizza,Consumer Discretionary,Restaurants,"Ann Arbor, Michigan",2020-05-12,1286681,1960
DRE,Duke Realty Corp,Real Estate,Industrial REITs,"Indianapolis, Indiana",2017-07-26,783280,1972
DRI,Darden Restaurants,Consumer Discretionary,Restaurants,"Orlando, Florida",,940944,1938
DTE,DTE Energy Co.,Utilities,Multi-Utilities,"Detroit, Michigan",1957-03-04,936340,1995
DUK,Duke Energy,Utilities,Electric Utilities,"Charlotte, North Carolina",1976-06-30,1326160,1904
DVA,DaVita Inc.,Health Care,Health Care Facilities,"Denver, Colorado",2008-07-31,927066,1979
DVN,Devon Energy,Energy,Oil & Gas Exploration & Production,"Oklahoma City, Oklahoma",2000-08-30,1090012,1971
DXC,DXC Technology,Information Technology,IT Consulting & Other Services,"Tysons Corner, Virginia",2017-04-04,1688568,2017
DXCM,DexCom,Health Care,Health Care Equipment,"San Diego, California",2020-05-12,1093557,1999
EA,Electronic Arts,Communication Services,Interactive Home Entertainment,"Redwood City, California",2002-07-22,712515,1982
EBAY,eBay Inc.,Consumer Discretionary,Internet & Direct Marketing Retail,"San Jose, California",,1065088,1995
ECL,Ecolab Inc.,Materials,Specialty Chemicals,"St. Paul, Minnesota",1989-01-31,31462,1923
ED,Consolidated Edison,Utilities,Electric Utilities,"New York, New York",,1047862,1823
EFX,Equifax Inc.,Industrials,Research & Consulting Services,"Atlanta, Georgia",1997-06-19,33185,1899
EIX,Edison Int'l,Utilities,Electric Utilities,"Rosemead, California",1957-03-04,827052,1886
EL,Estée Lauder Companies,Consumer Staples,Personal Products,"New York, New York",2006-01-05,1001250,1946
EMN,Eastman Chemical,Materials,Diversified Chemicals,"Kingsport, Tennessee",1994-01-01,915389,1920
EMR,Emerson Electric Company,Industrials,Electrical Components & Equipment,"Ferguson, Missouri",1965-03-31,32604,1890
EOG,EOG Resources,Energy,Oil & Gas Exploration & Production,"Houston, Texas",2000-11-02,821189,1999
EQIX,Equinix,Real Estate,Specialized REITs,"Redwood City, California",2015-03-20,1101239,1998
EQR,Equity Residential,Real Estate,Residential REITs,"Chicago, Illinois",2001-12-03,906107,1969
ES,Eversource Energy,Utilities,Multi-Utilities,"Springfield, Massachusetts",,72741,1966
ESS,"Essex Property Trust, Inc.",Real Estate,Residential REITs,"San Mateo, California",2014-04-02,920522,1971
ETN,Eaton Corporation,Industrials,Electrical Components & Equipment,"Dublin, Ireland",,1551182,1911
ETR,Entergy Corp.,Utilities,Electric Utilities,"New Orleans, Louisiana",1957-03-04,65984,1913
ETSY,Etsy,Consumer Discretionary,Internet & Direct Marketing Retail,"Brooklyn, New York",2020-09-21,1370637,2005
EVRG,Evergy,Utilities,Electric Utilities,"Kansas City, Missouri",2018-06-05,1711269,1909
EW,Edwards Lifesciences,Health Care,Health Care Equipment,"Irvine, California",2011-04-01,1099800,1958
EXC,Exelon Corp.,Utilities,Multi-Utilities,"Chicago, Illinois",1957-03-04,1109357,2000
EXPD,Expeditors,Industrials,Air Freight & Logistics,"Seattle, Washington",2007-10-10,746515,1979
EXPE,Expedia Group,Consumer Discretionary,Internet & Direct Marketing Retail,"Seattle, Washington",2007-10-02,1324424,1996
EXR,Extra Space Storage,Real Estate,Specialized REITs,"Salt Lake City, Utah",2016-01-19,1289490,1977
F,Ford Motor Company,Consumer Discretionary,Automobile Manufacturers,"Dearborn, Michigan",1957-03-04,37996,1903
FANG,Diamondback Energy,Energy,Oil & Gas Exploration & Production,"Midland, Texas",2018-12-03,1539838,2007
FAST,Fastenal Co,Industrials,Building Products,"Winona, Minnesota",2008-09-15,815556,1967
FB,"Facebook, Inc.",Communication Services,Interactive Media & Services,"Menlo Park, California",2013-12-23,1326801,2004
FBHS,Fortune Brands Home & Security,Industrials,Building Products,"Deerfield, Illinois",2016-06-22,1519751,2011 (1969)
FCX,Freeport-McMoRan Inc.,Materials,Copper,"Phoenix, Arizona",,831259,1912
FDX,FedEx Corporation,Industrials,Air Freight & Logistics,"Memphis, Tennessee",1980-12-31,1048911,1971
FE,FirstEnergy Corp,Utilities,Electric Utilities,"Akron, Ohio",,1031296,1997
FFIV,F5 Networks,Information Technology,Communications Equipment,"Seattle, Washington",2010-12-20,1048695,1996
FIS,Fidelity National Information Services,Information Technology,Data Processing & Outsourced Services,"Jacksonville, Florida",2006-11-10,1136893,1968
FISV,Fiserv Inc,Information Technology,Data Processing & Outsourced Services,"Brookfield, Wisconsin",2001-04-02,798354,1984
FITB,Fifth Third Bancorp,Financials,Regional Banks,"Cincinnati, Ohio",,35527,1858
FLIR,FLIR Systems,Information Technology,Electronic Equipment & Instruments,"Wilsonville, Oregon",2009-01-02,354908,1978
FLS,Flowserve Corporation,Industrials,Industrial Machinery,"Irving, Texas",2008-10-02,30625,1997
FLT,FleetCor Technologies Inc,Information Technology,Data Processing & Outsourced Services,"Norcross, Georgia",2018-06-20,1175454,2000
FMC,FMC Corporation,Materials,Fertilizers & Agricultural Chemicals,"Philadelphia, Pennsylvania",2009-08-19,37785,1883
FOX,Fox Corporation (Class B),Communication Services,Movies & Entertainment,"New York, New York",2015-09-18,1754301,2019
FOXA,Fox Corporation (Class A),Communication Services,Movies & Entertainment,"New York, New York",2013-07-01,1754301,2019
FRC,First Republic Bank,Financials,Regional Banks,"San Francisco, California",2019-01-02,1132979,1985
FRT,Federal Realty Investment Trust,Real Estate,Retail REITs,"Rockville, Maryland",2016-02-01,34903,1962
FTI,TechnipFMC,Energy,Oil & Gas Equipment & Services,"London, United Kingdom",2009-06-05,1681459,2017 (1958)
FTNT,Fortinet,Information Technology,Systems Software,"Sunnyvale, California",2018-10-11,1262039,2000
FTV,Fortive Corp,Industrials,Industrial Machinery,"Everett, Washington",2016-07-01,1659166,2016
GD,General Dynamics,Industrials,Aerospace & Defense,"Falls Church, Virginia",1957-03-04,40533,1899
GE,General Electric,Industrials,Industrial Conglomerates,"Boston, Massachusetts",,40545,1892
GILD,Gilead Sciences,Health Care,Biotechnology,"Foster City, California",2004-07-01,882095,1987
GIS,General Mills,Consumer Staples,Packaged Foods & Meats,"Golden Valley, Minnesota",1969-03-31,40704,1856
GL,Globe Life Inc.,Financials,Life & Health Insurance,"McKinney, Texas",1989-04-30,320335,1900
GLW,Corning Inc.,Information Technology,Electronic Components,"Corning, New York",,24741,1851
GM,General Motors,Consumer Discretionary,Automobile Manufacturers,"Detroit, Michigan",2013-06-06,1467858,1908
GOOG,Alphabet Inc. (Class C),Communication Services,Interactive Media & Services,"Mountain View, California",2006-04-03,1652044,1998
GOOGL,Alphabet Inc. (Class A),Communication Services,Interactive Media & Services,"Mountain View, California",2014-04-03,1652044,1998
GPC,Genuine Parts,Consumer Discretionary,Specialty Stores,"Atlanta, Georgia",1973-12-31,40987,1925
GPN,Global Payments Inc.,Information Technology,Data Processing & Outsourced Services,"Atlanta, Georgia",2016-04-25,1123360,2000
GPS,Gap Inc.,Consumer Discretionary,Apparel Retail,"San Francisco, California",1986-08-31,39911,1969
GRMN,Garmin Ltd.,Consumer Discretionary,Consumer Electronics,"Schaffhausen, Switzerland",2012-12-12,1121788,1989
GS,Goldman Sachs Group,Financials,Investment Banking & Brokerage,"New York, New York",2002-07-22,886982,1869
GWW,Grainger (W.W.) Inc.,Industrials,Industrial Machinery,"Lake Forest, Illinois",1981-06-30,277135,1927
HAL,Halliburton Co.,Energy,Oil & Gas Equipment & Services,"Houston, Texas",1957-03-04,45012,1919
HAS,Hasbro Inc.,Consumer Discretionary,Leisure Products,"Pawtucket, Rhode Island",1984-09-30,46080,1923
HBAN,Huntington Bancshares,Financials,Regional Banks,"Columbus, Ohio",,49196,1866
HBI,Hanesbrands Inc,Consumer Discretionary,"Apparel, Accessories & Luxury Goods","Winston-Salem, North Carolina",2015-03-20,1359841,2000
HCA,HCA Healthcare,Health Care,Health Care Facilities,"Nashville, Tennessee",2015-01-27,860730,1968
HD,Home Depot,Consumer Discretionary,Home Improvement Retail,"Atlanta, Georgia",1988-03-31,354950,1978
HES,Hess Corporation,Energy,Integrated Oil & Gas,"New York, New York",1984-05-31,4447,1919
HFC,HollyFrontier Corp,Energy,Oil & Gas Refining & Marketing,"Dallas, Texas",2018-06-18,48039,1947
HIG,Hartford Financial Svc.Gp.,Financials,Property & Casualty Insurance,"Hartford, Connecticut",1957-03-04,874766,1810
HII,Huntington Ingalls Industries,Industrials,Aerospace & Defense,"Newport News, Virginia",2018-01-03,1501585,2011
HLT,Hilton Worldwide Holdings Inc,Consumer Discretionary,"Hotels, Resorts & Cruise Lines","Tysons Corner, Virginia",2017-06-19,1585689,1919
HOLX,Hologic,Health Care,Health Care Equipment,"Marlborough, Massachusetts",2016-03-30,859737,1985
HON,Honeywell Int'l Inc.,Industrials,Industrial Conglomerates,"Morristown, New Jersey",1964-03-31,773840,1906
HPE,Hewlett Packard Enterprise,Information Technology,"Technology Hardware, Storage & Peripherals","Palo Alto, California",2015-11-02,1645590,2015
HPQ,HP Inc.,Information Technology,"Technology Hardware, Storage & Peripherals","Palo Alto, California",1974-12-31,47217,1939 (2015)
HRL,Hormel Foods Corp.,Consumer Staples,Packaged Foods & Meats,"Austin, Minnesota",2009-03-04,48465,1891
HSIC,Henry Schein,Health Care,Health Care Distributors,"Melville, New York",2015-03-17,1000228,1932
HST,Host Hotels & Resorts,Real Estate,Hotel & Resort REITs,"Bethesda, Maryland",2007-03-20,1070750,1993
HSY,The Hershey Company,Consumer Staples,Packaged Foods & Meats,"Hershey, Pennsylvania",1957-03-04,47111,1894
HUM,Humana Inc.,Health Care,Managed Health Care,"Louisville, Kentucky",,49071,1961
HWM,Howmet Aerospace,Industrials,Aerospace & Defense,"Pittsburgh, Pennsylvania",1964-03-31,4281,2016
IBM,International Business Machines,Information Technology,IT Consulting & Other Services,"Armonk, New York",1957-03-04,51143,1911
ICE,Intercontinental Exchange,Financials,Financial Exchanges & Data,"Atlanta, Georgia",2007-09-26,1571949,2000
IDXX,IDEXX Laboratories,Health Care,Health Care Equipment,"Westbrook, Maine",2017-01-05,874716,1983
IEX,IDEX Corporation,Industrials,Industrial Machinery,"Lake Forest, Illinois",2019-08-09,832101,1988
IFF,International Flavors & Fragrances,Materials,Specialty Chemicals,"New York, New York",1976-03-31,51253,1958 (1889)
ILMN,Illumina Inc,Health Care,Life Sciences Tools & Services,"San Diego, California",2015-11-19,1110803,1998
INCY,Incyte,Health Care,Biotechnology,"Wilmington, Delaware",2017-02-28,879169,1991
INFO,IHS Markit Ltd.,Industrials,Research & Consulting Services,"London, United Kingdom",2017-06-02,1598014,1959
INTC,Intel Corp.,Information Technology,Semiconductors,"Santa Clara, California",1976-12-31,50863,1968
INTU,Intuit Inc.,Information Technology,Application Software,"Mountain View, California",2000-12-05,896878,1983
IP,International Paper,Materials,Paper Packaging,"Memphis, Tennessee",1957-03-04,51434,1898
IPG,Interpublic Group,Communication Services,Advertising,"New York, New York",1992-10-01,51644,1961 (1930)
IPGP,IPG Photonics Corp.,Information Technology,Electronic Manufacturing Services,"Oxford, Massachusetts",2018-03-07,1111928,1990
IQV,IQVIA Holdings Inc.,Health Care,Life Sciences Tools & Services,"Durham, North Carolina",2017-08-29,1478242,1982
IR,Ingersoll Rand,Industrials,Industrial Machinery,"Milwaukee, Wisconsin",2020-03-03,1699150,1859
IRM,Iron Mountain Incorporated,Real Estate,Specialized REITs,"Boston, Massachusetts",2009-01-06,1020569,1951
ISRG,Intuitive Surgical Inc.,Health Care,Health Care Equipment,"Sunnyvale, California",2008-06-02,1035267,1995
IT,Gartner Inc,Information Technology,IT Consulting & Other Services,"Stamford, Connecticut",2017-04-05,749251,1979
ITW,Illinois Tool Works,Industrials,Industrial Machinery,"Glenview, Illinois",1986-02-28,49826,1912
IVZ,Invesco Ltd.,Financials,Asset Management & Custody Banks,"Atlanta, Georgia",2008-08-21,914208,1935
J,Jacobs Engineering Group,Industrials,Construction & Engineering,"Dallas, Texas",2007-10-26,52988,1947
JBHT,J. B. Hunt Transport Services,Industrials,Trucking,"Lowell, Arkansas",2015-07-01,728535,1961
JCI,Johnson Controls International,Industrials,Building Products,"Cork, Ireland",2010-08-27,833444,1885
JKHY,Jack Henry & Associates,Information Technology,Data Processing & Outsourced Services,"Monett, Missouri",2018-11-13,779152,1976
JNJ,Johnson & Johnson,Health Care,Pharmaceuticals,"New Brunswick, New Jersey",1973-06-30,200406,1886
JNPR,Juniper Networks,Information Technology,Communications Equipment,"Sunnyvale, California",2006-06-02,1043604,1996
JPM,JPMorgan Chase & Co.,Financials,Diversified Banks,"New York, New York",1975-06-30,19617,2000 (1799 / 1871)
K,Kellogg Co.,Consumer Staples,Packaged Foods & Meats,"Battle Creek, Michigan",,55067,1906
KEY,KeyCorp,Financials,Regional Banks,"Cleveland, Ohio",1994-03-01,91576,1825
KEYS,Keysight Technologies,Information Technology,Electronic Equipment & Instruments,"Santa Rosa, California",2018-11-06,1601046,2014
KHC,Kraft Heinz Co,Consumer Staples,Packaged Foods & Meats,"Chicago, Illinois; Pittsburgh, Pennsylvania",2015-07-06,1637459,2015 (1869)
KIM,Kimco Realty,Real Estate,Retail REITs,"New Hyde Park, New York",2006-04-04,879101,1958
KLAC,KLA Corporation,Information Technology,Semiconductor Equipment,"Milpitas, California",,319201,1975/1977 (1997)
KMB,Kimberly-Clark,Consumer Staples,Household Products,"Irving, Texas",1957-03-04,55785,1872
KMI,Kinder Morgan,Energy,Oil & Gas Storage & Transportation,"Houston, Texas",2012-05-25,1506307,1997
KMX,Carmax Inc,Consumer Discretionary,Specialty Stores,"Richmond, Virginia",2010-06-28,1170010,1993
KO,Coca-Cola Company,Consumer Staples,Soft Drinks,"Atlanta, Georgia",1957-03-04,21344,1886
KR,Kroger Co.,Consumer Staples,Food Retail,"Cincinnati, Ohio",1957-03-04,56873,1883
KSU,Kansas City Southern,Industrials,Railroads,"Kansas City, Missouri",2013-05-24,54480,1887
L,Loews Corp.,Financials,Multi-line Insurance,"New York, New York",,60086,
LB,L Brands Inc.,Consumer Discretionary,Apparel Retail,"Columbus, Ohio",1983-09-30,701985,1963
LDOS,Leidos Holdings,Information Technology,IT Consulting & Other Services,"Reston, Virginia",2019-08-09,1336920,1969
LEG,Leggett & Platt,Consumer Discretionary,Home Furnishings,"Carthage, Missouri",,58492,1883
LEN,Lennar Corp.,Consumer Discretionary,Homebuilding,"Miami, Florida",2005-10-04,920760,1954
LH,Laboratory Corp. of America Holding,Health Care,Health Care Services,"Burlington, North Carolina",2004-11-01,920148,1978
LHX,L3Harris Technologies,Industrials,Aerospace & Defense,"Melbourne, Florida",,202058,2019 (1895)
LIN,Linde plc,Materials,Industrial Gases,"Guildford, Surrey, United Kingdom",1992-07-01,1707925,1879
LKQ,LKQ Corporation,Consumer Discretionary,Distributors,"Chicago, Illinois",2016-05-23,1065696,1998
LLY,Lilly (Eli) & Co.,Health Care,Pharmaceuticals,"Indianapolis, Indiana",1970-12-31,59478,1876
LMT,Lockheed Martin Corp.,Industrials,Aerospace & Defense,"Bethesda, Maryland",1984-07-31,936468,1995
LNC,Lincoln National,Financials,Multi-line Insurance,"Radnor, Pennsylvania",1976-06-30,59558,1905
LNT,Alliant Energy Corp,Utilities,Electric Utilities,"Madison, Wisconsin",2016-07-01,352541,1917
LOW,Lowe's Cos.,Consumer Discretionary,Home Improvement Retail,"Mooresville, North Carolina",1984-02-29,60667,1904/1946/1959
LRCX,Lam Research,Information Technology,Semiconductor Equipment,"Fremont, California",2012-06-29,707549,1980
LUMN,Lumen Technologies,Communication Services,Alternative Carriers,"Monroe, Louisiana",1999-03-25,18926,1983 (1877)
LUV,Southwest Airlines,Industrials,Airlines,"Dallas, Texas",1994-07-01,92380,1967
LVS,Las Vegas Sands,Consumer Discretionary,Casinos & Gaming,"Las Vegas, Nevada",2019-10-03,1300514,1988
LW,Lamb Weston Holdings Inc,Consumer Staples,Packaged Foods & Meats,"Eagle, Idaho",2018-12-03,1679273,2016 (1950)
LYB,LyondellBasell,Materials,Specialty Chemicals,"Rotterdam, Netherlands",2012-09-05,1489393,2007
LYV,Live Nation Entertainment,Communication Services,Movies & Entertainment,"Beverly Hills, California",2019-12-23,1335258,2010
MA,Mastercard Inc.,Information Technology,Data Processing & Outsourced Services,"Harrison, New York",2008-07-18,1141391,1966
MAA,Mid-America Apartments,Real Estate,Residential REITs,"Memphis, Tennessee",2016-12-02,912595,1977
MAR,Marriott Int'l.,Consumer Discretionary,"Hotels, Resorts & Cruise Lines","Bethesda, Maryland",,1048286,1927
MAS,Masco Corp.,Industrials,Building Products,"Livonia, Michigan",1981-06-30,62996,1929
MCD,McDonald's Corp.,Consumer Discretionary,Restaurants,"Chicago, Illinois",1970-06-30,63908,1940
MCHP,Microchip Technology,Information Technology,Semiconductors,"Chandler, Arizona",2007-09-07,827054,1989
MCK,McKesson Corp.,Health Care,Health Care Distributors,"Irving, Texas",,927653,1833
MCO,Moody's Corp,Financials,Financial Exchanges & Data,"New York, New York",,1059556,1909
MDLZ,Mondelez International,Consumer Staples,Packaged Foods & Meats,"Chicago, Illinois",2012-10-02,1103982,2012
MDT,Medtronic plc,Health Care,Health Care Equipment,"Dublin, Ireland",1986-10-31,1613103,1949
MET,MetLife Inc.,Financials,Life & Health Insurance,"New York, New York",,1099219,1868
MGM,MGM Resorts International,Consumer Discretionary,Casinos & Gaming,"Paradise, Nevada",2017-07-26,789570,1986
MHK,Mohawk Industries,Consumer Discretionary,Home Furnishings,"Calhoun, Georgia",2013-12-23,851968,1878
MKC,McCormick & Co.,Consumer Staples,Packaged Foods & Meats,"Hunt Valley, Maryland",,63754,1889
MKTX,MarketAxess,Financials,Financial Exchanges & Data,"New York, New York",2019-07-01,1278021,2000
MLM,Martin Marietta Materials,Materials,Construction Materials,"Raleigh, North Carolina",2014-07-02,916076,1993
MMC,Marsh & McLennan,Financials,Insurance Brokers,"New York, New York",1987-08-31,62709,1905
MMM,3M Company,Industrials,Industrial Conglomerates,"St. Paul, Minnesota",1976-08-09,66740,1902
MNST,Monster Beverage,Consumer Staples,Soft Drinks,"Corona, California",2012-06-28,865752,2012 (1935)
MO,Altria Group Inc,Consumer Staples,Tobacco,"Richmond, Virginia",1957-03-04,764180,1985
MOS,The Mosaic Company,Materials,Fertilizers & Agricultural Chemicals,"Tampa, Florida",2011-09-26,1285785,2004 (1865 / 1909)
MPC,Marathon Petroleum,Energy,Oil & Gas Refining & Marketing,"Findlay, Ohio",2011-07-01,1510295,2009 (1887)
MRK,Merck & Co.,Health Care,Pharmaceuticals,"Kenilworth, New Jersey",1957-03-04,310158,1891
MRO,Marathon Oil Corp.,Energy,Oil & Gas Exploration & Production,"Houston, Texas",1991-05-01,101778,1887
MS,Morgan Stanley,Financials,Investment Banking & Brokerage,"New York, New York",,895421,1935
MSCI,MSCI Inc,Financials,Financial Exchanges & Data,"New York, New York",2018-04-04,1408198,1969
MSFT,Microsoft Corp.,Information Technology,Systems Software,"Redmond, Washington",1994-06-01,789019,1975
MSI,Motorola Solutions Inc.,Information Technology,Communications Equipment,"Chicago, Illinois",,68505,1928 (2011)
MTB,M&T Bank Corp.,Financials,Regional Banks,"Buffalo, New York",2004-02-23,36270,1856
MTD,Mettler Toledo,Health Care,Life Sciences Tools & Services,"Columbus, Ohio",2016-09-06,1037646,1945
MU,Micron Technology,Information Technology,Semiconductors,"Boise, Idaho",1994-09-27,723125,1978
MXIM,Maxim Integrated Products Inc,Information Technology,Semiconductors,"San Jose, California",2018-12-03,743316,1983
NCLH,Norwegian Cruise Line Holdings,Consumer Discretionary,"Hotels, Resorts & Cruise Lines","Miami, Florida",2017-10-13,1513761,2011 (1966)
NDAQ,"Nasdaq, Inc.",Financials,Financial Exchanges & Data,"New York, New York",2008-10-22,1120193,1971
NEE,NextEra Energy,Utilities,Multi-Utilities,"Juno Beach, Florida",1976-06-30,753308,1984 (1925)
NEM,Newmont Corporation,Materials,Gold,"Denver, Colorado",1969-06-30,1164727,1921
NFLX,Netflix Inc.,Communication Services,Movies & Entertainment,"Los Gatos, California",2010-12-20,1065280,1997
NI,NiSource Inc.,Utilities,Multi-Utilities,"Merrillville, Indiana",,1111711,1912
NKE,"Nike, Inc.",Consumer Discretionary,"Apparel, Accessories & Luxury Goods","Washington County, Oregon",1988-11-30,320187,1964
NLOK,NortonLifeLock,Information Technology,Application Software,"Tempe, Arizona",2003-03-25,849399,1982
NLSN,Nielsen Holdings,Industrials,Research & Consulting Services,"New York, New York",2013-07-09,1492633,1923
NOC,Northrop Grumman,Industrials,Aerospace & Defense,"West Falls Church, Virginia",1985-06-30,1133421,"1994 (Northrop 1939, Grumman 1930)"
NOV,National Oilwell Varco Inc.,Energy,Oil & Gas Equipment & Services,"Houston, Texas",2005-03-14,1021860,1841
NOW,ServiceNow,Information Technology,Systems Software,"Santa Clara, California",2019-11-21,1373715,2003
NRG,NRG Energy,Utilities,Independent Power Producers & Energy Traders,"Princeton, New Jersey",2010-01-29,1013871,1992
NSC,Norfolk Southern Corp.,Industrials,Railroads,"Norfolk, Virginia",1957-03-04,702165,1881/1894 (1980)
NTAP,NetApp,Information Technology,"Technology Hardware, Storage & Peripherals","Sunnyvale, California",1999-06-25,1002047,1992
NTRS,Northern Trust Corp.,Financials,Asset Management & Custody Banks,"Chicago, Illinois",,73124,1889
NUE,Nucor Corp.,Materials,Steel,"Charlotte, North Carolina",1985-04-30,73309,1940
NVDA,Nvidia Corporation,Information Technology,Semiconductors,"Santa Clara, California",2001-11-30,1045810,1993
NVR,"NVR, Inc.",Consumer Discretionary,Homebuilding,"Reston, Virginia",2019-09-26,906163,1980
NWL,Newell Brands,Consumer Discretionary,Housewares & Specialties,"Atlanta, Georgia",1989-04-30,814453,1903
NWS,News Corp. Class B,Communication Services,Publishing,"New York, New York",2015-09-18,1564708,2013 (1980)
NWSA,News Corp. Class A,Communication Services,Publishing,"New York, New York",2013-08-01,1564708,2013 (1980)
O,Realty Income Corporation,Real Estate,Retail REITs,"San Diego, California",2015-04-07,726728,1969
ODFL,Old Dominion Freight Line,Industrials,Trucking,"Thomasville, North Carolina",2019-12-09,878927,1934
OKE,ONEOK,Energy,Oil & Gas Storage & Transportation,"Tulsa, Oklahoma",2010-03-15,1039684,1906
OMC,Omnicom Group,Communication Services,Advertising,"New York, New York",,29989,1986
ORCL,Oracle Corp.,Information Technology,Application Software,"Redwood Shores, California",1989-08-31,1341439,1977
ORLY,O'Reilly Automotive,Consumer Discretionary,Specialty Stores,"Springfield, Missouri",2009-03-27,898173,1957
OTIS,Otis Worldwide,Industrials,Industrial Machinery,"Farmington, Connecticut",2020-04-03,1781335,2020 (1853)
OXY,Occidental Petroleum,Energy,Oil & Gas Exploration & Production,"Houston, Texas",1982-12-31,797468,1920
PAYC,Paycom,Information Technology,Application Software,"Oklahoma City, Oklahoma",2020-01-28,1590955,1998
PAYX,Paychex Inc.,Information Technology,Data Processing & Outsourced Services,"Penfield, New York",,723531,1971
PBCT,People's United Financial,Financials,Thrifts & Mortgage Finance,"Bridgeport, Connecticut",2008-11-13,1378946,1842
PCAR,PACCAR Inc.,Industrials,Construction Machinery & Heavy Trucks,"Bellevue, Washington",1980-12-31,75362,1905
PEAK,Healthpeak Properties,Real Estate,Health Care REITs,"Long Beach, California",2008-03-31,765880,1985
PEG,Public Service Enterprise Group (PSEG),Utilities,Electric Utilities,"Newark, New Jersey",1957-03-04,788784,1903
PEP,PepsiCo Inc.,Consumer Staples,Soft Drinks,"Purchase, New York",1957-03-04,77476,1898
PFE,Pfizer Inc.,Health Care,Pharmaceuticals,"New York, New York",1957-03-04,78003,1849
PFG,Principal Financial Group,Financials,Life & Health Insurance,"Des Moines, Iowa",2002-07-22,1126328,1879
PG,Procter & Gamble,Consumer Staples,Personal Products,"Cincinnati, Ohio",1957-03-04,80424,1837
PGR,Progressive Corp.,Financials,Property & Casualty Insurance,"Mayfield Village, Ohio",1997-08-04,80661,1937
PH,Parker-Hannifin,Industrials,Industrial Machinery,"Cleveland, Ohio",1985-11-30,76334,1917
PHM,PulteGroup,Consumer Discretionary,Homebuilding,"Atlanta, Georgia",1984-04-30,822416,1956
PKG,Packaging Corporation of America,Materials,Paper Packaging,"Lake Forest, Illinois",2017-07-26,75677,1959
PKI,PerkinElmer,Health Care,Health Care Equipment,"Waltham, Massachusetts",1985-05-31,31791,1937
PLD,Prologis,Real Estate,Industrial REITs,"San Francisco, California",2003-07-17,1045609,1983
PM,Philip Morris International,Consumer Staples,Tobacco,"New York, New York",2008-03-31,1413329,2008 (1847)
PNC,PNC Financial Services,Financials,Regional Banks,"Pittsburgh, Pennsylvania",1988-04-30,713676,1845
PNR,Pentair plc,Industrials,Industrial Machinery,"Worsley, UK",2012-10-01,77360,1966
PNW,Pinnacle West Capital,Utilities,Multi-Utilities,"Phoenix, Arizona",,764622,1985
POOL,Pool Corporation,Consumer Discretionary,Distributors,"Covington, Louisiana",2020-10-07,945841,1993
PPG,PPG Industries,Materials,Specialty Chemicals,"Pittsburgh, Pennsylvania",1957-03-04,79879,1883
PPL,PPL Corp.,Utilities,Electric Utilities,"Allentown, Pennsylvania",,922224,1920
PRGO,Perrigo,Health Care,Pharmaceuticals,"Dublin, Ireland",2011-12-19,1585364,2013 (1887)
PRU,Prudential Financial,Financials,Life & Health Insurance,"Newark, New Jersey",2002-07-22,1137774,1875
PSA,Public Storage,Real Estate,Specialized REITs,"Glendale, California",2005-08-19,1393311,1972
PSX,Phillips 66,Energy,Oil & Gas Refining & Marketing,"Houston, Texas",2012-05-01,1534701,2012 (1917)
PVH,PVH Corp.,Consumer Discretionary,"Apparel, Accessories & Luxury Goods","New York, New York",2013-02-15,78239,1881
PWR,Quanta Services Inc.,Industrials,Construction & Engineering,"Houston, Texas",2009-07-01,1050915,1997
PXD,Pioneer Natural Resources,Energy,Oil & Gas Exploration & Production,"Irving, Texas",2008-09-24,1038357,1997
PYPL,PayPal,Information Technology,Data Processing & Outsourced Services,"San Jose, California",2015-07-20,1633917,1998
QCOM,QUALCOMM Inc.,Information Technology,Semiconductors,"San Diego, California",,804328,1985
QRVO,Qorvo,Information Technology,Semiconductors,"Greensboro, North Carolina",2015-06-11,1604778,2015
RCL,Royal Caribbean Group,Consumer Discretionary,"Hotels, Resorts & Cruise Lines","Miami, Florida",2014-12-05,884887,1997
RE,Everest Re Group Ltd.,Financials,Reinsurance,"Hamilton, Bermuda",2017-06-19,1095073,1973
REG,Regency Centers Corporation,Real Estate,Retail REITs,"Jacksonville, Florida",2017-03-02,910606,1963
REGN,Regeneron Pharmaceuticals,Health Care,Biotechnology,"Tarrytown, New York",2013-05-01,872589,1988
RF,Regions Financial Corp.,Financials,Regional Banks,"Birmingham, Alabama",1998-08-28,1281761,1971
RHI,Robert Half International,Industrials,Human Resource & Employment Services,"Menlo Park, California",2000-12-05,315213,1948
RJF,Raymond James Financial Inc.,Financials,Investment Banking & Brokerage,"St. Petersburg, Florida",2017-03-20,720005,1962
RL,Ralph Lauren Corporation,Consumer Discretionary,"Apparel, Accessories & Luxury Goods","New York, New York",2007-02-02,1037038,1967
RMD,ResMed,Health Care,Health Care Equipment,"San Diego, California",2017-07-26,943819,1989
ROK,Rockwell Automation Inc.,Industrials,Electrical Components & Equipment,"Milwaukee, Wisconsin",,1024478,1903
ROL,Rollins Inc.,Industrials,Environmental & Facilities Services,"Atlanta, Georgia",2018-10-01,84839,1948
ROP,Roper Technologies,Industrials,Industrial Conglomerates,"Sarasota, Florida",2009-12-23,882835,
ROST,Ross Stores,Consumer Discretionary,Apparel Retail,"Dublin, California",2009-12-21,745732,1982
RSG,Republic Services Inc,Industrials,Environmental & Facilities Services,"Phoenix, Arizona",2008-12-05,1060391,1998 (1981)
RTX,Raytheon Technologies,Industrials,Aerospace & Defense,"Waltham, Massachusetts",,101829,1922
SBAC,SBA Communications,Real Estate,Specialized REITs,"Boca Raton, Florida",2017-09-01,1034054,
SBUX,Starbucks Corp.,Consumer Discretionary,Restaurants,"Seattle, Washington",,829224,1971
SCHW,Charles Schwab Corporation,Financials,Investment Banking & Brokerage,"San Francisco, California",1997-06-02,316709,1971
SEE,Sealed Air,Materials,Paper Packaging,"Charlotte, North Carolina",1957-03-04,1012100,1960
SHW,Sherwin-Williams,Materials,Specialty Chemicals,"Cleveland, Ohio",1964-06-30,89800,1866
SIVB,SVB Financial,Financials,Regional Banks,"Santa Clara, California",2018-03-19,719739,1983
SJM,JM Smucker,Consumer Staples,Packaged Foods & Meats,"Orrville, Ohio",2008-11-06,91419,1897
SLB,Schlumberger Ltd.,Energy,Oil & Gas Equipment & Services,"Curaçao, Kingdom of the Netherlands",1965-03-31,87347,1926
SLG,SL Green Realty,Real Estate,Office REITs,"New York, New York",2015-03-20,1040971,1997
SNA,Snap-on,Industrials,Industrial Machinery,"Kenosha, Wisconsin",1982-09-30,91440,1920
SNPS,Synopsys Inc.,Information Technology,Application Software,"Mountain View, California",2017-03-16,883241,1986
SO,Southern Company,Utilities,Electric Utilities,"Atlanta, Georgia",1957-03-04,92122,1945
SPG,Simon Property Group Inc,Real Estate,Retail REITs,"Indianapolis, Indiana",2002-06-26,1063761,2003
SPGI,"S&P Global, Inc.",Financials,Financial Exchanges & Data,"New York, New York",,64040,1917
SRE,Sempra Energy,Utilities,Multi-Utilities,"San Diego, California",,1032208,1998
STE,STERIS plc,Health Care,Health Care Equipment,"Dublin, Ireland",2019-12-23,1757898,1985
STT,State Street Corp.,Financials,Asset Management & Custody Banks,"Boston, Massachusetts",,93751,1792
STX,Seagate Technology,Information Technology,"Technology Hardware, Storage & Peripherals","Dublin, Ireland",2012-07-02,1137789,1979
STZ,Constellation Brands,Consumer Staples,Distillers & Vintners,"Victor, New York",2005-07-01,16918,1945
SWK,Stanley Black & Decker,Industrials,Industrial Machinery,"New Britain, Connecticut",1982-09-30,93556,1843
SWKS,Skyworks Solutions,Information Technology,Semiconductors,"Woburn, Massachusetts",2015-03-12,4127,2002
SYF,Synchrony Financial,Financials,Consumer Finance,"Stamford, Connecticut",2015-11-18,1601712,2003
SYK,Stryker Corp.,Health Care,Health Care Equipment,"Kalamazoo, Michigan",2000-12-12,310764,1941
SYY,Sysco Corp.,Consumer Staples,Food Distributors,"Houston, Texas",1986-12-31,96021,1969
T,AT&T Inc.,Communication Services,Integrated Telecommunication Services,"Dallas, Texas",1983-11-30 (1957-03-04),732717,1983 (1885)
TAP,Molson Coors Beverage Company,Consumer Staples,Brewers,"Denver, Colorado",1976-06-30,24545,"2005 (Molson 1786, Coors 1873)"
TDG,TransDigm Group,Industrials,Aerospace & Defense,"Cleveland, Ohio",2016-06-03,1260221,1993
TDY,Teledyne Technologies,Industrials,Aerospace & Defense,"Thousand Oaks, California",2020-06-22,1094285,1960
TEL,TE Connectivity Ltd.,Information Technology,Electronic Manufacturing Services,"Schaffhausen, Switzerland",2011-10-17,1385157,2007
TER,Teradyne,Information Technology,Semiconductor Equipment,"North Reading, Massachusetts",2020-09-21,97210,1960
TFC,Truist Financial,Financials,Regional Banks,"Charlotte, North Carolina",1997-12-04,92230,1872
TFX,Teleflex,Health Care,Health Care Equipment,"Wayne, Pennsylvania",2019-01-18,96943,1943
TGT,Target Corp.,Consumer Discretionary,General Merchandise Stores,"Minneapolis, Minnesota",1976-12-31,27419,1902
TIF,Tiffany & Co.,Consumer Discretionary,"Apparel, Accessories & Luxury Goods","New York, New York",2000-06-21,98246,1837
TJX,TJX Companies Inc.,Consumer Discretionary,Apparel Retail,"Framingham, Massachusetts",1985-09-30,109198,1987
TMO,Thermo Fisher Scientific,Health Care,Life Sciences Tools & Services,"Waltham, Massachusetts",,97745,2006 (1902)
TMUS,T-Mobile US,Communication Services,Wireless Telecommunication Services,"Bellevue, Washington",2019-07-15,1283699,1994
TPR,"Tapestry, Inc.",Consumer Discretionary,"Apparel, Accessories & Luxury Goods","New York, New York",2004,1116132,2017
TROW,T. Rowe Price Group,Financials,Asset Management & Custody Banks,"Baltimore, Maryland",,1113169,1937
TRV,The Travelers Companies Inc.,Financials,Property & Casualty Insurance,"New York, New York",2002-08-21,86312,1853
TSCO,Tractor Supply Company,Consumer Discretionary,Specialty Stores,"Brentwood, Tennessee",2014-01-24,916365,1938
TSN,Tyson Foods,Consumer Staples,Packaged Foods & Meats,"Springdale, Arkansas",,100493,1935
TT,Trane Technologies plc,Industrials,Building Products,"Dublin, Ireland",2010-11-17,1466258,1871
TTWO,Take-Two Interactive,Communication Services,Interactive Home Entertainment,"New York, New York",2018-03-19,946581,1993
TWTR,"Twitter, Inc.",Communication Services,Interactive Media & Services,"San Francisco, California",2018-06-07,1418091,2006
TXN,Texas Instruments,Information Technology,Semiconductors,"Dallas, Texas",,97476,1930
TXT,Textron Inc.,Industrials,Aerospace & Defense,"Providence, Rhode Island",1978-12-31,217346,1923
TYL,Tyler Technologies,Information Technology,Application Software,"Plano, Texas",2020-06-22,860731,1966
UA,Under Armour (Class C),Consumer Discretionary,"Apparel, Accessories & Luxury Goods","Baltimore, Maryland",2016-04-08,1336917,1996
UAA,Under Armour (Class A),Consumer Discretionary,"Apparel, Accessories & Luxury Goods","Baltimore, Maryland",2014-05-01,1336917,1996
UAL,United Airlines Holdings,Industrials,Airlines,"Chicago, Illinois",2015-09-03,100517,1967
UDR,"UDR, Inc.",Real Estate,Residential REITs,"Highlands Ranch, Colorado",2016-03-07,74208,1972
UHS,Universal Health Services,Health Care,Health Care Facilities,"King of Prussia, Pennsylvania",2014-09-20,352915,1979
ULTA,Ulta Beauty,Consumer Discretionary,Specialty Stores,"Bolingbrook, Illinois",2016-04-18,1403568,1990
UNH,UnitedHealth Group Inc.,Health Care,Managed Health Care,"Minnetonka, Minnesota",1994-07-01,731766,1977
UNM,Unum Group,Financials,Life & Health Insurance,"Chattanooga, Tennessee",1994-03-01,5513,1999
UNP,Union Pacific Corp,Industrials,Railroads,"Omaha, Nebraska",1957-03-04,100885,1862
UPS,United Parcel Service,Industrials,Air Freight & Logistics,"Atlanta, Georgia",2002-07-22,1090727,1907
URI,"United Rentals, Inc.",Industrials,Trading Companies & Distributors,"Stamford, Connecticut",2014-09-20,1067701,1997
USB,U.S. Bancorp,Financials,Diversified Banks,"Minneapolis, Minnesota",,36104,1968
V,Visa Inc.,Information Technology,Data Processing & Outsourced Services,"San Francisco, California",2009-12-21,1403161,1958
VAR,Varian Medical Systems,Health Care,Health Care Equipment,"Palo Alto, California",2007-02-12,203527,1948
VFC,VF Corporation,Consumer Discretionary,"Apparel, Accessories & Luxury Goods","Greensboro, North Carolina",1979-06-30,103379,1899
VIAC,ViacomCBS,Communication Services,Movies & Entertainment,"New York, New York",,813828,2019 (1952)
VLO,Valero Energy,Energy,Oil & Gas Refining & Marketing,"San Antonio, Texas",,1035002,1980
VMC,Vulcan Materials,Materials,Construction Materials,"Birmingham, Alabama",1999-06-30,1396009,1909
VNO,Vornado Realty Trust,Real Estate,Office REITs,"New York, New York",,899689,1982
VNT,Vontier,Information Technology,Electronic Equipment & Instruments,"Raleigh, North Carolina",2020-10-09,1786842,2019
VRSK,Verisk Analytics,Industrials,Research & Consulting Services,"Jersey City, New Jersey",2015-10-08,1442145,1971
VRSN,Verisign Inc.,Information Technology,Internet Services & Infrastructure,"Dulles, Virginia",2006-02-01,1014473,1995
VRTX,Vertex Pharmaceuticals Inc,Health Care,Biotechnology,"Cambridge, Massachusetts",2013-09-23,875320,1989
VTR,Ventas Inc,Real Estate,Health Care REITs,"Chicago, Illinois",2009-03-04,740260,1998
VTRS,Viatris,Health Care,Pharmaceuticals,"Pittsburgh, Pennsylvania",2004-04-23,1792044,1961
VZ,Verizon Communications,Communication Services,Integrated Telecommunication Services,"New York, New York",1983-11-30,732712,1983 (1877)
WAB,Westinghouse Air Brake Technologies Corp,Industrials,Construction Machinery & Heavy Trucks,"Wilmerding, Pennsylvania",2019-02-27,943452,1999 (1869)
WAT,Waters Corporation,Health Care,Health Care Distributors,"Milford, Massachusetts",,1000697,1958
WBA,Walgreens Boots Alliance,Consumer Staples,Drug Retail,"Deerfield, Illinois",1979-12-31,1618921,2014
WDC,Western Digital,Information Technology,"Technology Hardware, Storage & Peripherals","San Jose, California",2009-07-01,106040,1970
WEC,WEC Energy Group,Utilities,Electric Utilities,"Milwaukee, Wisconsin",2008-10-31,783325,1896
WELL,Welltower Inc.,Real Estate,Health Care REITs,"Toledo, Ohio",2009-01-30,766704,1970
WFC,Wells Fargo,Financials,Diversified Banks,"San Francisco, California",1976-06-30,72971,1852
WHR,Whirlpool Corp.,Consumer Discretionary,Household Appliances,"Benton Harbor, Michigan",,106640,1911
WLTW,Willis Towers Watson,Financials,Insurance Brokers,"London, United Kingdom",2016-01-05,1140536,2016
WM,Waste Management Inc.,Industrials,Environmental & Facilities Services,"Houston, Texas",,823768,1968
WMB,Williams Companies,Energy,Oil & Gas Storage & Transportation,"Tulsa, Oklahoma",1975-03-31,107263,1908
WMT,Walmart,Consumer Staples,Hypermarkets & Super Centers,"Bentonville, Arkansas",1982-08-31,104169,1962
WRB,W. R. Berkley Corporation,Financials,Property & Casualty Insurance,"Greenwich, Connecticut",2019-12-05,11544,1967
WRK,WestRock,Materials,Paper Packaging,"Atlanta, Georgia",,1732845,2015
WST,West Pharmaceutical Services,Health Care,Health Care Supplies,"Exton, Pennsylvania",2020-05-22,105770,1923
WU,Western Union Co,Information Technology,Data Processing & Outsourced Services,"Englewood, Colorado",2006-09-29,1365135,1851
WY,Weyerhaeuser,Real Estate,Specialized REITs,"Federal Way, Washington",,106535,1900
WYNN,Wynn Resorts Ltd,Consumer Discretionary,Casinos & Gaming,"Paradise, Nevada",2008-11-14,1174922,2002
XEL,Xcel Energy Inc,Utilities,Multi-Utilities,"Minneapolis, Minnesota",1957-03-04,72903,1909
XLNX,Xilinx,Information Technology,Semiconductors,"San Jose, California",1999-11-08,743988,1984
XOM,Exxon Mobil Corp.,Energy,Integrated Oil & Gas,"Irving, Texas",1957-03-04,34088,1999
XRAY,Dentsply Sirona,Health Care,Health Care Supplies,"Charlotte, North Carolina",2008-11-14,818479,2016 (1969)
XRX,Xerox,Information Technology,"Technology Hardware, Storage & Peripherals","Norwalk, Connecticut",,1770450,1906
XYL,Xylem Inc.,Industrials,Industrial Machinery,"White Plains, New York",2011-11-01,1524472,2011
YUM,Yum! Brands Inc,Consumer Discretionary,Restaurants,"Louisville, Kentucky",1997-10-06,1041061,1997
ZBH,Zimmer Biomet,Health Care,Health Care Equipment,"Warsaw, Indiana",2001-08-07,1136869,1927
ZBRA,Zebra Technologies,Information Technology,Electronic Equipment & Instruments,"Lincolnshire, Illinois",2019-12-23,877212,1969
ZION,Zions Bancorp,Financials,Regional Banks,"Salt Lake City, Utah",2001-06-22,109380,1873
ZTS,Zoetis,Health Care,Pharmaceuticals,"Florham Park, New Jersey",2013-06-21,1555280,1952
